{"cameraMode":{"drawMode":0,"name":"Shaded","section":"Shading Mode"},"sceneLighting":false,"audioPlay":false,"sceneViewState":{"showFog":true,"showMaterialUpdate":false,"showSkybox":true,"showFlares":true,"showImageEffects":true,"showParticleSystems":true},"in2DMode":false,"pivot":{"x":1.607757568359375,"y":0.23910653591156007,"z":2.125727653503418},"rotation":{"x":0.43433868885040285,"y":-0.5385475158691406,"z":0.3816356062889099,"w":0.6129202246665955},"size":1.4184672832489014,"orthographic":false}